currency,quarter,fx_usd
AUD,1991q2,1.303271210738955
AUD,1991q3,1.253918495297806
AUD,1991q4,1.311991603253739
AUD,1992q1,1.297858533419857
AUD,1992q2,1.338329764453962
AUD,1992q3,1.402131239484016
AUD,1992q4,1.45032632342277
AUD,1993q1,1.417434443656981
AUD,1993q2,1.502629601803156
AUD,1993q3,1.547987616099071
AUD,1993q4,1.472103636095981
AUD,1994q1,1.4194464158978
AUD,1994q2,1.372683596431023
AUD,1994q3,1.350986219940557
AUD,1994q4,1.289656951250967
AUD,1995q1,1.361470388019061
AUD,1995q2,1.407855835562438
AUD,1995q3,1.323276432446738
AUD,1995q4,1.346257404415724
AUD,1996q1,1.277302337463277
AUD,1996q2,1.268874508311128
AUD,1996q3,1.263583522870862
AUD,1996q4,1.259128682951398
AUD,1997q1,1.272750413643885
AUD,1997q2,1.326259946949602
AUD,1997q3,1.379120121362571
AUD,1997q4,1.537515375153752
AUD,1998q1,1.509661835748792
AUD,1998q2,1.610824742268041
AUD,1998q3,1.684919966301601
AUD,1998q4,1.638538423726037
AUD,1999q1,1.576541068894845
AUD,1999q2,1.498351813005694
AUD,1999q3,1.533742331288344
AUD,1999q4,1.522765341860819
AUD,2000q1,1.647175094712568
AUD,2000q2,1.673920321392702
AUD,2000q3,1.842299189388357
AUD,2000q4,1.789549033643522
AUD,2001q1,2.059308072487644
AUD,2001q2,1.953506544246923
AUD,2001q3,2.035416242621616
AUD,2001q4,1.96270853778214
AUD,2002q1,1.876876876876877
AUD,2002q2,1.774937877174299
AUD,2002q3,1.842978252856616
AUD,2002q4,1.780626780626781
AUD,2003q1,1.654259718775848
AUD,2003q2,1.484560570071259
AUD,2003q3,1.470372004117042
AUD,2003q4,1.329787234042553
AUD,2004q1,1.304121022430881
AUD,2004q2,1.43000143000143
AUD,2004q3,1.374192661811186
AUD,2004q4,1.281558374983981
AUD,2005q1,1.29366106080207
AUD,2005q2,1.311475409836066
AUD,2005q3,1.312335958005249
AUD,2005q4,1.364628820960699
AUD,2006q1,1.395673412421493
AUD,2006q2,1.34752728742757
AUD,2006q3,1.340302908457311
AUD,2006q4,1.268230818008878
AUD,2007q1,1.236705416769726
AUD,2007q2,1.177301624676242
AUD,2007q3,1.12625295641401
AUD,2007q4,1.142726545537653
AUD,2008q1,1.095170298981492
AUD,2008q2,1.043187982474442
AUD,2008q3,1.261988894497728
AUD,2008q4,1.423082396470756
AUD,2009q1,1.44654997830175
AUD,2009q2,1.240079365079365
AUD,2009q3,1.132759401903036
AUD,2009q4,1.113957892391668
AUD,2010q1,1.090274749236808
AUD,2010q2,1.189343482397716
AUD,2010q3,1.034019232757729
AUD,2010q4,.9772305286817159
AUD,2011q1,.9681479330041631
AUD,2011q2,.9326618168252191
AUD,2011q3,1.03498240529911
AUD,2011q4,.9795278675678324
AUD,2012q1,.9665571235260004
AUD,2012q2,.9767532721234615
AUD,2012q3,.9635767970707265
AUD,2012q4,.9620935154897055
AUD,2013q1,.9597850081581725
AUD,2013q2,1.094331363536879
AUD,2013q3,1.073306858430825
AUD,2013q4,1.12145340361108
AUD,2014q1,1.079447322970639
AUD,2014q2,1.060108131029365
AUD,2014q3,1.143249113981937
AUD,2014q4,1.223241590214067
AUD,2015q1,1.31457867753385
AUD,2015q2,1.297521733489036
AUD,2015q3,1.424907381020234
AUD,2015q4,1.372495196266813
AUD,2016q1,1.305994514823038
AUD,2016q2,1.342101731311233
AUD,2016q3,1.304801670146138
AUD,2016q4,1.387347391786903
AUD,2017q1,1.310787783457858
AUD,2017q2,1.300559240473403
AUD,2017q3,1.276487107480214
AUD,2017q4,1.280573697016263
AUD,2018q1,1.302252897512697
AUD,2018q2,1.350438892640108
AUD,2018q3,1.384274640088593
AUD,2018q4,1.418640941977586
AUD,2019q1,1.40924464487035
AUD,2019q2,1.424501424501425
AUD,2019q3,1.481481481481481
AUD,2019q4,1.424298532972511
AUD,2020q1,1.631055292774425
AUD,2020q2,1.448645516442127
AUD,2020q3,1.396453009356235
BRL,2007q1,2.0594
BRL,2007q2,1.929
BRL,2007q3,1.8336
BRL,2007q4,1.78
BRL,2008q1,1.7519
BRL,2008q2,1.6037
BRL,2008q3,1.9046
BRL,2008q4,2.3145
BRL,2009q1,2.3228
BRL,2009q2,1.9518
BRL,2009q3,1.767
BRL,2009q4,1.7445
BRL,2010q1,1.7813
BRL,2010q2,1.8047
BRL,2010q3,1.7079
BRL,2010q4,1.6613
BRL,2011q1,1.6325
BRL,2011q2,1.5635
BRL,2011q3,1.8792
BRL,2011q4,1.8663
BRL,2012q1,1.8263
BRL,2012q2,2.0093
BRL,2012q3,2.0258
BRL,2012q4,2.0428
BRL,2013q1,2.0219
BRL,2013q2,2.2322
BRL,2013q3,2.2169
BRL,2013q4,2.3592
BRL,2014q1,2.272
BRL,2014q2,2.2145
BRL,2014q3,2.4461
BRL,2014q4,2.6582
BRL,2015q1,3.1974
BRL,2015q2,3.103
BRL,2015q3,3.9471
BRL,2015q4,3.964
BRL,2016q1,3.5928
BRL,2016q2,3.2126
BRL,2016q3,3.2613
BRL,2016q4,3.25
BRL,2017q1,3.1224
BRL,2017q2,3.3072
BRL,2017q3,3.1623
BRL,2017q4,3.3085
BRL,2018q1,3.3063
BRL,2018q2,3.8765
BRL,2018q3,4.0493
BRL,2018q4,3.8745
BRL,2019q1,3.9205
BRL,2019q2,3.8499
BRL,2019q3,4.1562
BRL,2019q4,4.0304
BRL,2020q1,5.2059
BRL,2020q2,5.4676
BRL,2020q3,5.6202
CAD,1991q2,1.1424
CAD,1991q3,1.1318
CAD,1991q4,1.1558
CAD,1992q1,1.1902
CAD,1992q2,1.1972
CAD,1992q3,1.246
CAD,1992q4,1.2703
CAD,1993q1,1.2593
CAD,1993q2,1.2822
CAD,1993q3,1.334
CAD,1993q4,1.3254
CAD,1994q1,1.3836
CAD,1994q2,1.3835
CAD,1994q3,1.3436
CAD,1994q4,1.4019
CAD,1995q1,1.399
CAD,1995q2,1.372
CAD,1995q3,1.3415
CAD,1995q4,1.3645
CAD,1996q1,1.3595
CAD,1996q2,1.3636
CAD,1996q3,1.3616
CAD,1996q4,1.3705
CAD,1997q1,1.3842
CAD,1997q2,1.3812
CAD,1997q3,1.3819
CAD,1997q4,1.4297
CAD,1998q1,1.4196
CAD,1998q2,1.4669
CAD,1998q3,1.5307
CAD,1998q4,1.5382
CAD,1999q1,1.5063
CAD,1999q2,1.4631
CAD,1999q3,1.4672
CAD,1999q4,1.4461
CAD,2000q1,1.4488
CAD,2000q2,1.481
CAD,2000q3,1.5032
CAD,2000q4,1.4991
CAD,2001q1,1.5757
CAD,2001q2,1.5143
CAD,2001q3,1.5792
CAD,2001q4,1.593
CAD,2002q1,1.5949
CAD,2002q2,1.5174
CAD,2002q3,1.5868
CAD,2002q4,1.5718
CAD,2003q1,1.4673
CAD,2003q2,1.3467
CAD,2003q3,1.3521
CAD,2003q4,1.297
CAD,2004q1,1.3093
CAD,2004q2,1.3328
CAD,2004q3,1.2613
CAD,2004q4,1.2019
CAD,2005q1,1.2104
CAD,2005q2,1.2251
CAD,2005q3,1.163
CAD,2005q4,1.162
CAD,2006q1,1.1686
CAD,2006q2,1.117
CAD,2006q3,1.118
CAD,2006q4,1.1657
CAD,2007q1,1.154
CAD,2007q2,1.0653
CAD,2007q3,.9923
CAD,2007q4,.9984
CAD,2008q1,1.0253
CAD,2008q2,1.0215
CAD,2008q3,1.0644
CAD,2008q4,1.2188
CAD,2009q1,1.2602
CAD,2009q2,1.1623
CAD,2009q3,1.0695
CAD,2009q4,1.0532
CAD,2010q1,1.0153
CAD,2010q2,1.0639
CAD,2010q3,1.0292
CAD,2010q4,.998
CAD,2011q1,.9706
CAD,2011q2,.9634
CAD,2011q3,1.0503
CAD,2011q4,1.0213
CAD,2012q1,.9987
CAD,2012q2,1.0166
CAD,2012q3,.9837
CAD,2012q4,.9921
CAD,2013q1,1.0174
CAD,2013q2,1.0519
CAD,2013q3,1.0309
CAD,2013q4,1.0623
CAD,2014q1,1.105
CAD,2014q2,1.0671
CAD,2014q3,1.1198
CAD,2014q4,1.1621
CAD,2015q1,1.2686
CAD,2015q2,1.2494
CAD,2015q3,1.3313
CAD,2015q4,1.3839
CAD,2016q1,1.3004
CAD,2016q2,1.2924
CAD,2016q3,1.3127
CAD,2016q4,1.3441
CAD,2017q1,1.3318
CAD,2017q2,1.2964
CAD,2017q3,1.2472
CAD,2017q4,1.2571
CAD,2018q1,1.29
CAD,2018q2,1.3133
CAD,2018q3,1.2908
CAD,2018q4,1.3637
CAD,2019q1,1.3349
CAD,2019q2,1.3095
CAD,2019q3,1.3241
CAD,2019q4,1.299
CAD,2020q1,1.4062
CAD,2020q2,1.3576
CAD,2020q3,1.3177
CHF,1994q1,1.4135
CHF,1994q2,1.3335
CHF,1994q3,1.2875
CHF,1994q4,1.3086
CHF,1995q1,1.1285
CHF,1995q2,1.148
CHF,1995q3,1.1543
CHF,1995q4,1.1543
CHF,1996q1,1.1897
CHF,1996q2,1.2545
CHF,1996q3,1.2548
CHF,1996q4,1.3415
CHF,1997q1,1.4488
CHF,1997q2,1.4618
CHF,1997q3,1.4476
CHF,1997q4,1.4619
CHF,1998q1,1.5223
CHF,1998q2,1.5203
CHF,1998q3,1.3785
CHF,1998q4,1.3753
CHF,1999q1,1.4823
CHF,1999q2,1.5494
CHF,1999q3,1.4956
CHF,1999q4,1.5907
CHF,2000q1,1.6653
CHF,2000q2,1.6343
CHF,2000q3,1.7247
CHF,2000q4,1.6111
CHF,2001q1,1.7428
CHF,2001q2,1.7921
CHF,2001q3,1.6204
CHF,2001q4,1.6603
CHF,2002q1,1.6813
CHF,2002q2,1.481
CHF,2002q3,1.4752
CHF,2002q4,1.3836
CHF,2003q1,1.3514
CHF,2003q2,1.3509
CHF,2003q3,1.3192
CHF,2003q4,1.2391
CHF,2004q1,1.2659
CHF,2004q2,1.2487
CHF,2004q3,1.2461
CHF,2004q4,1.1404
CHF,2005q1,1.1965
CHF,2005q2,1.2814
CHF,2005q3,1.2939
CHF,2005q4,1.3134
CHF,2006q1,1.3042
CHF,2006q2,1.2231
CHF,2006q3,1.2506
CHF,2006q4,1.2201
CHF,2007q1,1.2155
CHF,2007q2,1.2215
CHF,2007q3,1.1637
CHF,2007q4,1.1335
CHF,2008q1,.9931
CHF,2008q2,1.021
CHF,2008q3,1.1221
CHF,2008q4,1.0687
CHF,2009q1,1.1394
CHF,2009q2,1.0859
CHF,2009q3,1.0363
CHF,2009q4,1.0352
CHF,2010q1,1.0539
CHF,2010q2,1.0774
CHF,2010q3,.9825
CHF,2010q4,.9352
CHF,2011q1,.919
CHF,2011q2,.8404
CHF,2011q3,.9082
CHF,2011q4,.9381
CHF,2012q1,.9025
CHF,2012q2,.9485
CHF,2012q3,.9398
CHF,2012q4,.9154
CHF,2013q1,.9492
CHF,2013q2,.945
CHF,2013q3,.9049
CHF,2013q4,.8929
CHF,2014q1,.8846000000000001
CHF,2014q2,.8868
CHF,2014q3,.9550999999999999
CHF,2014q4,.9943
CHF,2015q1,.9727
CHF,2015q2,.9355
CHF,2015q3,.9733000000000001
CHF,2015q4,1.0021
CHF,2016q1,.9618
CHF,2016q2,.976
CHF,2016q3,.9714
CHF,2016q4,1.019
CHF,2017q1,1.0026
CHF,2017q2,.9579
CHF,2017q3,.9683
CHF,2017q4,.9743000000000001
CHF,2018q1,.954
CHF,2018q2,.9906
CHF,2018q3,.9817
CHF,2018q4,.9821
CHF,2019q1,.9952
CHF,2019q2,.9762999999999999
CHF,2019q3,.9977
CHF,2019q4,.9666
CHF,2020q1,.9611
CHF,2020q2,.9473
CHF,2020q3,.9116
CLP,2005q4,512
CLP,2006q1,526.35
CLP,2006q2,538.85
CLP,2006q3,535.03
CLP,2006q4,532.35
CLP,2007q1,538.97
CLP,2007q2,527.13
CLP,2007q3,511.02
CLP,2007q4,497.95
CLP,2008q1,435.24
CLP,2008q2,527.89
CLP,2008q3,552.11
CLP,2008q4,638.5
CLP,2009q1,583.2
CLP,2009q2,533.65
CLP,2009q3,549.7
CLP,2009q4,507.45
CLP,2010q1,524.4
CLP,2010q2,546.04
CLP,2010q3,483.55
CLP,2010q4,468
CLP,2011q1,477.45
CLP,2011q2,467.22
CLP,2011q3,519.75
CLP,2011q4,519.55
CLP,2012q1,488.35
CLP,2012q2,501.07
CLP,2012q3,474.7
CLP,2012q4,479.2
CLP,2013q1,472.15
CLP,2013q2,508.42
CLP,2013q3,504.67
CLP,2013q4,525.45
CLP,2014q1,549.47
CLP,2014q2,552.95
CLP,2014q3,598.3099999999999
CLP,2014q4,606.45
CLP,2015q1,625.29
CLP,2015q2,639.12
CLP,2015q3,696.38
CLP,2015q4,708.6
CLP,2016q1,667.7
CLP,2016q2,663.24
CLP,2016q3,657.33
CLP,2016q4,670.4
CLP,2017q1,660.17
CLP,2017q2,663.9
CLP,2017q3,639.11
CLP,2017q4,615.43
CLP,2018q1,603.9
CLP,2018q2,653.9
CLP,2018q3,656.83
CLP,2018q4,694
CLP,2019q1,679.72
CLP,2019q2,678.73
CLP,2019q3,728.66
CLP,2019q4,751.75
CLP,2020q1,855.15
CLP,2020q2,821.22
CLP,2020q3,793.8
CNY,2003q1,8.2774
CNY,2003q2,8.2775
CNY,2003q3,8.276999999999999
CNY,2003q4,8.2767
CNY,2004q1,8.276999999999999
CNY,2004q2,8.2766
CNY,2004q3,8.2765
CNY,2004q4,8.2765
CNY,2005q1,8.276400000000001
CNY,2005q2,8.276400000000001
CNY,2005q3,8.092000000000001
CNY,2005q4,8.0702
CNY,2006q1,8.017200000000001
CNY,2006q2,7.9943
CNY,2006q3,7.904
CNY,2006q4,7.8045
CNY,2007q1,7.7315
CNY,2007q2,7.6151
CNY,2007q3,7.5105
CNY,2007q4,7.3037
CNY,2008q1,7.012
CNY,2008q2,6.8544
CNY,2008q3,6.846
CNY,2008q4,6.8277
CNY,2009q1,6.8339
CNY,2009q2,6.8305
CNY,2009q3,6.8264
CNY,2009q4,6.8271
CNY,2010q1,6.8259
CNY,2010q2,6.7818
CNY,2010q3,6.6921
CNY,2010q4,6.607
CNY,2011q1,6.5483
CNY,2011q2,6.4639
CNY,2011q3,6.3812
CNY,2011q4,6.295
CNY,2012q1,6.2985
CNY,2012q2,6.354
CNY,2012q3,6.2847
CNY,2012q4,6.2306
CNY,2013q1,6.2102
CNY,2013q2,6.1375
CNY,2013q3,6.1209
CNY,2013q4,6.0543
CNY,2014q1,6.2171
CNY,2014q2,6.2031
CNY,2014q3,6.1394
CNY,2014q4,6.2055
CNY,2015q1,6.1997
CNY,2015q2,6.201
CNY,2015q3,6.356
CNY,2015q4,6.4937
CNY,2016q1,6.4536
CNY,2016q2,6.648
CNY,2016q3,6.6718
CNY,2016q4,6.945
CNY,2017q1,6.8872
CNY,2017q2,6.7809
CNY,2017q3,6.6528
CNY,2017q4,6.5068
CNY,2018q1,6.2755
CNY,2018q2,6.621
CNY,2018q3,6.8688
CNY,2018q4,6.8785
CNY,2019q1,6.7121
CNY,2019q2,6.8668
CNY,2019q3,7.1483
CNY,2019q4,6.9632
CNY,2020q1,7.0825
CNY,2020q2,7.064
CNY,2020q3,6.9194
COP,2005q2,2327.25
COP,2005q3,2287.4
COP,2005q4,2286.5
COP,2006q1,2290.85
COP,2006q2,2573.8
COP,2006q3,2398.13
COP,2006q4,2240
COP,2007q1,2203.7
COP,2007q2,1973
COP,2007q3,2029.75
COP,2007q4,2017.25
COP,2008q1,1831.3
COP,2008q2,1913.5
COP,2008q3,2192.16
COP,2008q4,2248.58
COP,2009q1,2548.3
COP,2009q2,2143.15
COP,2009q3,1919.73
COP,2009q4,2043.79
COP,2010q1,1920.35
COP,2010q2,1900.11
COP,2010q3,1802.18
COP,2010q4,1907.7
COP,2011q1,1871
COP,2011q2,1770.78
COP,2011q3,1931.98
COP,2011q4,1938.5
COP,2012q1,1788.75
COP,2012q2,1783.76
COP,2012q3,1800.53
COP,2012q4,1767
COP,2013q1,1825
COP,2013q2,1922.77
COP,2013q3,1906
COP,2013q4,1929.51
COP,2014q1,1971.2
COP,2014q2,1877.44
COP,2014q3,2024.85
COP,2014q4,2376.51
COP,2015q1,2599.62
COP,2015q2,2606
COP,2015q3,3087.44
COP,2015q4,3174.5
COP,2016q1,3002.2
COP,2016q2,2920.35
COP,2016q3,2882.06
COP,2016q4,3002
COP,2017q1,2873.98
COP,2017q2,3045.67
COP,2017q3,2937.65
COP,2017q4,2985.78
COP,2018q1,2794.06
COP,2018q2,2931.61
COP,2018q3,2966.17
COP,2018q4,3254.25
COP,2019q1,3188.74
COP,2019q2,3211.36
COP,2019q3,3477.98
COP,2019q4,3277.14
COP,2020q1,4055.75
COP,2020q2,3757.75
COP,2020q3,3837.7
DKK,1994q1,6.588
DKK,1994q2,6.2317
DKK,1994q3,6.0767
DKK,1994q4,6.0825
DKK,1995q1,5.4366
DKK,1995q2,5.3889
DKK,1995q3,5.5477
DKK,1995q4,5.5664
DKK,1996q1,5.7001
DKK,1996q2,5.8706
DKK,1996q3,5.8523
DKK,1996q4,5.8905
DKK,1997q1,6.379
DKK,1997q2,6.6451
DKK,1997q3,6.7065
DKK,1997q4,6.8507
DKK,1998q1,7.0423
DKK,1998q2,6.8857
DKK,1998q3,6.344
DKK,1998q4,6.36
DKK,1999q1,6.9084
DKK,1999q2,7.1845
DKK,1999q3,6.9633
DKK,1999q4,7.3934
DKK,2000q1,7.7887
DKK,2000q2,7.8319
DKK,2000q3,8.4422
DKK,2000q4,7.9236
DKK,2001q1,8.4986
DKK,2001q2,8.761800000000001
DKK,2001q3,8.161099999999999
DKK,2001q4,8.3477
DKK,2002q1,8.5334
DKK,2002q2,7.4919
DKK,2002q3,7.5271
DKK,2002q4,7.0811
DKK,2003q1,6.8049
DKK,2003q2,6.4546
DKK,2003q3,6.3699
DKK,2003q4,5.9132
DKK,2004q1,6.0453
DKK,2004q2,6.0923
DKK,2004q3,5.984
DKK,2004q4,5.4867
DKK,2005q1,5.7469
DKK,2005q2,6.1547
DKK,2005q3,6.2053
DKK,2005q4,6.2975
DKK,2006q1,6.1586
DKK,2006q2,5.8316
DKK,2006q3,5.8825
DKK,2006q4,5.6504
DKK,2007q1,5.5794
DKK,2007q2,5.4954
DKK,2007q3,5.2252
DKK,2007q4,5.1118
DKK,2008q1,4.7229
DKK,2008q2,4.7334
DKK,2008q3,5.2943
DKK,2008q4,5.3263
DKK,2009q1,5.621
DKK,2009q2,5.3067
DKK,2009q3,5.0849
DKK,2009q4,5.1972
DKK,2010q1,5.5107
DKK,2010q2,6.0871
DKK,2010q3,5.4659
DKK,2010q4,5.5684
DKK,2011q1,5.2663
DKK,2011q2,5.1433
DKK,2011q3,5.5585
DKK,2011q4,5.734
DKK,2012q1,5.5765
DKK,2012q2,5.8691
DKK,2012q3,5.797
DKK,2012q4,5.6553
DKK,2013q1,5.8162
DKK,2013q2,5.7331
DKK,2013q3,5.5138
DKK,2013q4,5.4283
DKK,2014q1,5.4224
DKK,2014q2,5.4451
DKK,2014q3,5.8932
DKK,2014q4,6.1556
DKK,2015q1,6.9621
DKK,2015q2,6.6927
DKK,2015q3,6.6757
DKK,2015q4,6.8706
DKK,2016q1,6.5477
DKK,2016q2,6.6964
DKK,2016q3,6.6277
DKK,2016q4,7.0682
DKK,2017q1,6.983
DKK,2017q2,6.5075
DKK,2017q3,6.2989
DKK,2017q4,6.2069
DKK,2018q1,6.0485
DKK,2018q2,6.3767
DKK,2018q3,6.4258
DKK,2018q4,6.5114
DKK,2019q1,6.6549
DKK,2019q2,6.5624
DKK,2019q3,6.8508
DKK,2019q4,6.6627
DKK,2020q1,6.7679
DKK,2020q2,6.6339
DKK,2020q3,6.3113
EUR,1999q1,.929195316855603
EUR,1999q2,.9660902328277462
EUR,1999q3,.9359790340696368
EUR,1999q4,.9938382031405287
EUR,2000q1,1.046572475143904
EUR,2000q2,1.049868766404199
EUR,2000q3,1.132759401903036
EUR,2000q4,1.060782857749019
EUR,2001q1,1.140641040264629
EUR,2001q2,1.177856301531213
EUR,2001q3,1.097213078779899
EUR,2001q4,1.124227093872962
EUR,2002q1,1.147183664104623
EUR,2002q2,1.008572869389813
EUR,2002q3,1.013581998783702
EUR,2002q4,.9531071292413268
EUR,2003q1,.9161704076958315
EUR,2003q2,.8686587908269632
EUR,2003q3,.8578536501672815
EUR,2003q4,.7939658594680429
EUR,2004q1,.8119519324455992
EUR,2004q2,.819672131147541
EUR,2004q3,.8041170794467675
EUR,2004q4,.7377895824110964
EUR,2005q1,.771366862079605
EUR,2005q2,.8259002312520648
EUR,2005q3,.8315316813570598
EUR,2005q4,.8439530762089628
EUR,2006q1,.825218682950982
EUR,2006q2,.7817997029161128
EUR,2006q3,.7890168849613381
EUR,2006q4,.7577479730241721
EUR,2007q1,.7488392990864161
EUR,2007q2,.7384978952809984
EUR,2007q3,.7009182028457278
EUR,2007q4,.6854479402289396
EUR,2008q1,.6333924499619965
EUR,2008q2,.634719136781974
EUR,2008q3,.709622480840193
EUR,2008q4,.7157683773530885
EUR,2009q1,.7547169811320755
EUR,2009q2,.7126060001425212
EUR,2009q3,.6830601092896175
EUR,2009q4,.6982752601075344
EUR,2010q1,.7401924500370096
EUR,2010q2,.8171269815329302
EUR,2010q3,.7334604664808567
EUR,2010q4,.7471607890017932
EUR,2011q1,.7063144511936714
EUR,2011q2,.6895600606812854
EUR,2011q3,.7469933517591694
EUR,2011q4,.7715454054471106
EUR,2012q1,.7494566439331485
EUR,2012q2,.7894529091339701
EUR,2012q3,.7776049766718507
EUR,2012q4,.7579777154551657
EUR,2013q1,.7800920508620017
EUR,2013q2,.7686395080707149
EUR,2013q3,.7392622163081245
EUR,2013q4,.7276431637924762
EUR,2014q1,.7262691553489723
EUR,2014q2,.7303534910896874
EUR,2014q3,.7917029530520148
EUR,2014q4,.8265829062654985
EUR,2015q1,.9318796011555307
EUR,2015q2,.8971023593792051
EUR,2015q3,.8946944618412813
EUR,2015q4,.9206407659731173
EUR,2016q1,.8787346221441126
EUR,2016q2,.9004141905276427
EUR,2016q3,.8900756564307967
EUR,2016q4,.9508414947228296
EUR,2017q1,.938790837401427
EUR,2017q2,.875196919306844
EUR,2017q3,.8464533604198409
EUR,2017q4,.8329862557267805
EUR,2018q1,.8114248620577735
EUR,2018q2,.8558712769599451
EUR,2018q3,.8617718028266115
EUR,2018q4,.8720676724513822
EUR,2019q1,.8914244963451596
EUR,2019q2,.8792754770069463
EUR,2019q3,.9175153683824203
EUR,2019q4,.8918219923303309
EUR,2020q1,.9065361254645998
EUR,2020q2,.8901548869503294
EUR,2020q3,.847673137238281
GBP,1991q2,.6165228113440198
GBP,1991q3,.5711022272986865
GBP,1991q4,.5345592558935158
GBP,1992q1,.5759373380176237
GBP,1992q2,.5249343832020997
GBP,1992q3,.562651212513363
GBP,1992q4,.6620324395895399
GBP,1993q1,.6602839220864972
GBP,1993q2,.6706008583690987
GBP,1993q3,.6684491978609626
GBP,1993q4,.6768189509306261
GBP,1994q1,.6738544474393531
GBP,1994q2,.647542575924367
GBP,1994q3,.6339144215530903
GBP,1994q4,.6390593047034765
GBP,1995q1,.6167129201356768
GBP,1995q2,.6267627702914447
GBP,1995q3,.6309944472488642
GBP,1995q4,.6453278265358803
GBP,1996q1,.6548788474132285
GBP,1996q2,.644039415212211
GBP,1996q3,.6388551715326135
GBP,1996q4,.5834305717619603
GBP,1997q1,.6107243190423843
GBP,1997q2,.6003842459173871
GBP,1997q3,.6189650903689031
GBP,1997q4,.6078288353999514
GBP,1998q1,.5979073243647235
GBP,1998q2,.5995563283170454
GBP,1998q3,.5886161633998469
GBP,1998q4,.6024096385542168
GBP,1999q1,.6206554121151937
GBP,1999q2,.6337938902268982
GBP,1999q3,.607053967097675
GBP,1999q4,.6179705846001731
GBP,2000q1,.6284960090503425
GBP,2000q2,.6604583581005218
GBP,2000q3,.67778229632642
GBP,2000q4,.6697923643670463
GBP,2001q1,.7061648188687238
GBP,2001q2,.7065639793683318
GBP,2001q3,.6782419967444384
GBP,2001q4,.6874742197167606
GBP,2002q1,.701311452416018
GBP,2002q2,.6521030322791
GBP,2002q3,.6375924509053813
GBP,2002q4,.6211180124223603
GBP,2003q1,.6318316800404372
GBP,2003q2,.60437567992264
GBP,2003q3,.6017571308220002
GBP,2003q4,.5599731212901781
GBP,2004q1,.5416531253385332
GBP,2004q2,.5493298176225005
GBP,2004q3,.5518763796909492
GBP,2004q4,.5213220727765613
GBP,2005q1,.5289605924358636
GBP,2005q2,.558191459670667
GBP,2005q3,.5667970299835629
GBP,2005q4,.5803830528148578
GBP,2006q1,.5756389592447616
GBP,2006q2,.5410377103284099
GBP,2006q3,.534159500026708
GBP,2006q4,.5105166428425566
GBP,2007q1,.5081817257851408
GBP,2007q2,.4978344202718176
GBP,2007q3,.4884482000683828
GBP,2007q4,.5037783375314862
GBP,2008q1,.5041084841457881
GBP,2008q2,.5019324398935904
GBP,2008q3,.5616399887672002
GBP,2008q4,.6852600561913246
GBP,2009q1,.698177756056692
GBP,2009q2,.6076072426783328
GBP,2009q3,.6257039169065199
GBP,2009q4,.6184291898577613
GBP,2010q1,.6585879873551107
GBP,2010q2,.6691201070592172
GBP,2010q3,.6362942224484601
GBP,2010q4,.6405329233922624
GBP,2011q1,.6239081607187422
GBP,2011q2,.6229365227683299
GBP,2011q3,.6416837782340863
GBP,2011q4,.6433764395547835
GBP,2012q1,.624687656171914
GBP,2012q2,.6366588145412874
GBP,2012q3,.6185439475474732
GBP,2012q4,.6151953245155337
GBP,2013q1,.6579813133307014
GBP,2013q2,.6573325445342798
GBP,2013q3,.6178178672927221
GBP,2013q4,.603974149906384
GBP,2014q1,.6001680470531749
GBP,2014q2,.58459020226821
GBP,2014q3,.6167889964843027
GBP,2014q4,.641972138409193
GBP,2015q1,.6748549061951681
GBP,2015q2,.6364562118126272
GBP,2015q3,.6610259122157589
GBP,2015q4,.6786102062975027
GBP,2016q1,.6963788300835655
GBP,2016q2,.75125835774923
GBP,2016q3,.770891150169596
GBP,2016q4,.8103727714748784
GBP,2017q1,.7968127490039841
GBP,2017q2,.7677543186180422
GBP,2017q3,.7463800567248844
GBP,2017q4,.7400281210686006
GBP,2018q1,.7135212272565109
GBP,2018q2,.7571742257893541
GBP,2018q3,.7674008134448623
GBP,2018q4,.7840677434530344
GBP,2019q1,.7671653241273494
GBP,2019q2,.7876496534341525
GBP,2019q3,.8137358613394093
GBP,2019q4,.7543184732594101
GBP,2020q1,.8051529790660226
GBP,2020q2,.8063865817272801
GBP,2020q3,.7639419404125287
HUF,2000q4,282.34
HUF,2001q1,303.2
HUF,2001q2,287.58
HUF,2001q3,282.48
HUF,2001q4,274.81
HUF,2002q1,279.31
HUF,2002q2,246.77
HUF,2002q3,246.72
HUF,2002q4,224.48
HUF,2003q1,227.19
HUF,2003q2,231.28
HUF,2003q3,218.3
HUF,2003q4,208.7
HUF,2004q1,201.68
HUF,2004q2,205.61
HUF,2004q3,198.21
HUF,2004q4,181.02
HUF,2005q1,190.82
HUF,2005q2,204.04
HUF,2005q3,207.58
HUF,2005q4,212.97
HUF,2006q1,217.88
HUF,2006q2,221.39
HUF,2006q3,215.3
HUF,2006q4,190.49
HUF,2007q1,185.76
HUF,2007q2,182.33
HUF,2007q3,175.93
HUF,2007q4,173.23
HUF,2008q1,165.15
HUF,2008q2,149.41
HUF,2008q3,171.82
HUF,2008q4,190.1
HUF,2009q1,232.53
HUF,2009q2,194.1
HUF,2009q3,183.84
HUF,2009q4,189
HUF,2010q1,196.4
HUF,2010q2,233.07
HUF,2010q3,202.57
HUF,2010q4,208.15
HUF,2011q1,187.69
HUF,2011q2,183.49
HUF,2011q3,219.14
HUF,2011q4,243.02
HUF,2012q1,220.68
HUF,2012q2,225.84
HUF,2012q3,221.88
HUF,2012q4,220.86
HUF,2013q1,237.3
HUF,2013q2,226.85
HUF,2013q3,219.9
HUF,2013q4,216.26
HUF,2014q1,223.19
HUF,2014q2,226.21
HUF,2014q3,246.07
HUF,2014q4,261.64
HUF,2015q1,279.98
HUF,2015q2,282.62
HUF,2015q3,280.46
HUF,2015q4,290.44
HUF,2016q1,275.92
HUF,2016q2,284.23
HUF,2016q3,274.35
HUF,2016q4,294.36
HUF,2017q1,289.83
HUF,2017q2,270.29
HUF,2017q3,263.74
HUF,2017q4,258.91
HUF,2018q1,253.55
HUF,2018q2,281.79
HUF,2018q3,278.82
HUF,2018q4,279.94
HUF,2019q1,286.26
HUF,2019q2,284.1
HUF,2019q3,307.26
HUF,2019q4,295.21
HUF,2020q1,326.95
HUF,2020q2,315.51
HUF,2020q3,297.5
IDR,2003q1,8902
IDR,2003q2,8275
IDR,2003q3,8395
IDR,2003q4,8420
IDR,2004q1,8564
IDR,2004q2,9400
IDR,2004q3,9155
IDR,2004q4,9270
IDR,2005q1,9465
IDR,2005q2,9760
IDR,2005q3,10300
IDR,2005q4,9830
IDR,2006q1,9070
IDR,2006q2,9263
IDR,2006q3,9223
IDR,2006q4,8995
IDR,2007q1,9136
IDR,2007q2,9045
IDR,2007q3,9150
IDR,2007q4,9393
IDR,2008q1,9229
IDR,2008q2,9228
IDR,2008q3,9506
IDR,2008q4,11120
IDR,2009q1,11700
IDR,2009q2,10208
IDR,2009q3,9665
IDR,2009q4,9404
IDR,2010q1,9100
IDR,2010q2,9074
IDR,2010q3,8908
IDR,2010q4,8996
IDR,2011q1,8708
IDR,2011q2,8579
IDR,2011q3,8875
IDR,2011q4,9069
IDR,2012q1,9146
IDR,2012q2,9433
IDR,2012q3,9591
IDR,2012q4,9793
IDR,2013q1,9735
IDR,2013q2,10004
IDR,2013q3,11406
IDR,2013q4,12171
IDR,2014q1,11361
IDR,2014q2,11875
IDR,2014q3,12188
IDR,2014q4,12388
IDR,2015q1,13074
IDR,2015q2,13339
IDR,2015q3,14653
IDR,2015q4,13788
IDR,2016q1,13239
IDR,2016q2,13210
IDR,2016q3,13042
IDR,2016q4,13473
IDR,2017q1,13322
IDR,2017q2,13348
IDR,2017q3,13472
IDR,2017q4,13555
IDR,2018q1,13728
IDR,2018q2,14330
IDR,2018q3,14903
IDR,2018q4,14390
IDR,2019q1,14243
IDR,2019q2,14126
IDR,2019q3,14195
IDR,2019q4,13866
IDR,2020q1,16310
IDR,2020q2,14265
IDR,2020q3,14773
ILS,2005q2,4.5778
ILS,2005q3,4.5963
ILS,2005q4,4.606
ILS,2006q1,4.6635
ILS,2006q2,4.43
ILS,2006q3,4.3042
ILS,2006q4,4.216
ILS,2007q1,4.157
ILS,2007q2,4.2537
ILS,2007q3,4.017
ILS,2007q4,3.8315
ILS,2008q1,3.5602
ILS,2008q2,3.353
ILS,2008q3,3.459
ILS,2008q4,3.7805
ILS,2009q1,4.22
ILS,2009q2,3.9303
ILS,2009q3,3.7741
ILS,2009q4,3.7922
ILS,2010q1,3.6958
ILS,2010q2,3.8876
ILS,2010q3,3.6423
ILS,2010q4,3.5248
ILS,2011q1,3.4795
ILS,2011q2,3.4019
ILS,2011q3,3.7486
ILS,2011q4,3.8106
ILS,2012q1,3.7092
ILS,2012q2,3.9103
ILS,2012q3,3.9193
ILS,2012q4,3.7338
ILS,2013q1,3.646
ILS,2013q2,3.6375
ILS,2013q3,3.525
ILS,2013q4,3.4736
ILS,2014q1,3.4867
ILS,2014q2,3.432
ILS,2014q3,3.683
ILS,2014q4,3.8987
ILS,2015q1,3.98
ILS,2015q2,3.7747
ILS,2015q3,3.9234
ILS,2015q4,3.8911
ILS,2016q1,3.7561
ILS,2016q2,3.8596
ILS,2016q3,3.7464
ILS,2016q4,3.853
ILS,2017q1,3.6232
ILS,2017q2,3.4882
ILS,2017q3,3.534
ILS,2017q4,3.4802
ILS,2018q1,3.4926
ILS,2018q2,3.6573
ILS,2018q3,3.6373
ILS,2018q4,3.7386
ILS,2019q1,3.6333
ILS,2019q2,3.57
ILS,2019q3,3.4763
ILS,2019q4,3.4532
ILS,2020q1,3.5488
ILS,2020q2,3.4646
ILS,2020q3,3.4004
JPY,1992q3,120.07
JPY,1992q4,124.86
JPY,1993q1,114.88
JPY,1993q2,107.3
JPY,1993q3,106.3
JPY,1993q4,111.85
JPY,1994q1,102.75
JPY,1994q2,98.44
JPY,1994q3,99.15000000000001
JPY,1994q4,99.58
JPY,1995q1,86.55
JPY,1995q2,84.63
JPY,1995q3,99.73
JPY,1995q4,103.52
JPY,1996q1,107.26
JPY,1996q2,109.73
JPY,1996q3,111.39
JPY,1996q4,115.7
JPY,1997q1,123.8
JPY,1997q2,114.58
JPY,1997q3,120.51
JPY,1997q4,130.59
JPY,1998q1,133.07
JPY,1998q2,138.78
JPY,1998q3,136.46
JPY,1998q4,113.6
JPY,1999q1,118.9
JPY,1999q2,121.1
JPY,1999q3,106.46
JPY,1999q4,102.51
JPY,2000q1,102.78
JPY,2000q2,106.12
JPY,2000q3,108.14
JPY,2000q4,114.41
JPY,2001q1,126.34
JPY,2001q2,124.65
JPY,2001q3,119.56
JPY,2001q4,131.66
JPY,2002q1,132.73
JPY,2002q2,119.47
JPY,2002q3,121.81
JPY,2002q4,118.79
JPY,2003q1,118.09
JPY,2003q2,119.8
JPY,2003q3,111.5
JPY,2003q4,107.22
JPY,2004q1,104.23
JPY,2004q2,108.77
JPY,2004q3,110.05
JPY,2004q4,102.63
JPY,2005q1,107.15
JPY,2005q2,110.92
JPY,2005q3,113.51
JPY,2005q4,117.75
JPY,2006q1,117.78
JPY,2006q2,114.44
JPY,2006q3,118.18
JPY,2006q4,119.06
JPY,2007q1,117.83
JPY,2007q2,123.17
JPY,2007q3,114.81
JPY,2007q4,111.75
JPY,2008q1,99.7
JPY,2008q2,106.21
JPY,2008q3,106.11
JPY,2008q4,90.64
JPY,2009q1,98.95999999999999
JPY,2009q2,96.36
JPY,2009q3,89.70999999999999
JPY,2009q4,93.03
JPY,2010q1,93.47
JPY,2010q2,88.43000000000001
JPY,2010q3,83.53
JPY,2010q4,81.12
JPY,2011q1,83.13
JPY,2011q2,80.56
JPY,2011q3,77.06
JPY,2011q4,76.91
JPY,2012q1,82.87
JPY,2012q2,79.79000000000001
JPY,2012q3,77.95999999999999
JPY,2012q4,86.75
JPY,2013q1,94.22
JPY,2013q2,99.14
JPY,2013q3,98.27
JPY,2013q4,105.31
JPY,2014q1,103.23
JPY,2014q2,101.33
JPY,2014q3,109.65
JPY,2014q4,119.78
JPY,2015q1,120.13
JPY,2015q2,122.5
JPY,2015q3,119.88
JPY,2015q4,120.22
JPY,2016q1,112.57
JPY,2016q2,103.2
JPY,2016q3,101.35
JPY,2016q4,116.96
JPY,2017q1,111.39
JPY,2017q2,112.39
JPY,2017q3,112.51
JPY,2017q4,112.69
JPY,2018q1,106.28
JPY,2018q2,110.76
JPY,2018q3,113.7
JPY,2018q4,109.69
JPY,2019q1,110.86
JPY,2019q2,107.85
JPY,2019q3,108.08
JPY,2019q4,108.61
JPY,2020q1,107.54
JPY,2020q2,107.93
JPY,2020q3,105.8
KRW,1999q3,
KRW,1999q4,
KRW,2000q1,
KRW,2000q2,
KRW,2000q3,
KRW,2000q4,
KRW,2001q1,
KRW,2001q2,
KRW,2001q3,
KRW,2001q4,
KRW,2002q1,1327.099975585938
KRW,2002q2,1205
KRW,2002q3,1227.800048828125
KRW,2002q4,1186.300048828125
KRW,2003q1,1254.5
KRW,2003q2,1196
KRW,2003q3,1150.199951171875
KRW,2003q4,1192
KRW,2004q1,1146.699951171875
KRW,2004q2,1156
KRW,2004q3,1152
KRW,2004q4,1035.300048828125
KRW,2005q1,1015.599975585938
KRW,2005q2,1034
KRW,2005q3,1042
KRW,2005q4,1011.700012207031
KRW,2006q1,971.7999877929688
KRW,2006q2,949
KRW,2006q3,947
KRW,2006q4,930.5
KRW,2007q1,941.0999755859375
KRW,2007q2,924.0999755859375
KRW,2007q3,915.2999877929688
KRW,2007q4,936.4000244140625
KRW,2008q1,990.5999755859375
KRW,2008q2,1046.199951171875
KRW,2008q3,1207.099975585938
KRW,2008q4,1259.699951171875
KRW,2009q1,1383.599975585938
KRW,2009q2,1274.099975585938
KRW,2009q3,1178.599975585938
KRW,2009q4,1165.300048828125
KRW,2010q1,1131.699951171875
KRW,2010q2,1222.130004882813
KRW,2010q3,1140.400024414063
KRW,2010q4,1135.099975585938
KRW,2011q1,1097.199951171875
KRW,2011q2,1067.800048828125
KRW,2011q3,1178.199951171875
KRW,2011q4,1152.300048828125
KRW,2012q1,1133.199951171875
KRW,2012q2,1145.5
KRW,2012q3,1111.550048828125
KRW,2012q4,1070.699951171875
KRW,2013q1,1112.900024414063
KRW,2013q2,1142.199951171875
KRW,2013q3,1074.800048828125
KRW,2013q4,1055.5
KRW,2014q1,1065
KRW,2014q2,1011.900024414063
KRW,2014q3,1055.400024414063
KRW,2014q4,1099.300048828125
KRW,2015q1,1109.699951171875
KRW,2015q2,1115.699951171875
KRW,2015q3,1185.5
KRW,2015q4,1172.800048828125
KRW,2016q1,1143.800048828125
KRW,2016q2,1152.099975585938
KRW,2016q3,1101.5
KRW,2016q4,1208
KRW,2017q1,1118.5
KRW,2017q2,1144.400024414063
KRW,2017q3,1145.599975585938
KRW,2017q4,1070.699951171875
KRW,2018q1,1066
KRW,2018q2,1114.599975585938
KRW,2018q3,1109.400024414063
KRW,2018q4,1115.900024414063
KRW,2019q1,1135.199951171875
KRW,2019q2,1154.900024414063
KRW,2019q3,1196.300048828125
KRW,2019q4,1156.599975585938
KRW,2020q1,1217.5
KRW,2020q2,1202.900024414063
KRW,2020q3,1186.300048828125
MXN,2002q3,10.2065
MXN,2002q4,10.37
MXN,2003q1,10.77
MXN,2003q2,10.457
MXN,2003q3,10.986
MXN,2003q4,11.2285
MXN,2004q1,11.1251
MXN,2004q2,11.4865
MXN,2004q3,11.382
MXN,2004q4,11.147
MXN,2005q1,11.1703
MXN,2005q2,10.749
MXN,2005q3,10.759
MXN,2005q4,10.635
MXN,2006q1,10.874
MXN,2006q2,11.3463
MXN,2006q3,10.985
MXN,2006q4,10.8033
MXN,2007q1,11.0494
MXN,2007q2,10.8084
MXN,2007q3,10.9355
MXN,2007q4,10.8988
MXN,2008q1,10.6421
MXN,2008q2,10.3098
MXN,2008q3,10.9378
MXN,2008q4,13.6733
MXN,2009q1,14.1722
MXN,2009q2,13.185
MXN,2009q3,13.5115
MXN,2009q4,13.0914
MXN,2010q1,12.365
MXN,2010q2,12.9409
MXN,2010q3,12.5936
MXN,2010q4,12.3401
MXN,2011q1,11.9048
MXN,2011q2,11.7135
MXN,2011q3,13.8973
MXN,2011q4,13.9357
MXN,2012q1,12.8107
MXN,2012q2,13.3608
MXN,2012q3,12.8585
MXN,2012q4,12.8533
MXN,2013q1,12.3312
MXN,2013q2,12.9308
MXN,2013q3,13.0914
MXN,2013q4,13.0367
MXN,2014q1,13.058
MXN,2014q2,12.9683
MXN,2014q3,13.4286
MXN,2014q4,14.7515
MXN,2015q1,15.2635
MXN,2015q2,15.7389
MXN,2015q3,16.9177
MXN,2015q4,17.2075
MXN,2016q1,17.279
MXN,2016q2,18.2804
MXN,2016q3,19.3852
MXN,2016q4,20.7272
MXN,2017q1,18.7249
MXN,2017q2,18.1203
MXN,2017q3,18.2545
MXN,2017q4,19.659
MXN,2018q1,18.1812
MXN,2018q2,19.9078
MXN,2018q3,18.7183
MXN,2018q4,19.6504
MXN,2019q1,19.4279
MXN,2019q2,19.2229
MXN,2019q3,19.7344
MXN,2019q4,18.9265
MXN,2020q1,23.6723
MXN,2020q2,22.9924
MXN,2020q3,21.9749
MYR,2006q4,3.527
MYR,2007q1,3.4581
MYR,2007q2,3.4545
MYR,2007q3,3.409
MYR,2007q4,3.3115
MYR,2008q1,3.1934
MYR,2008q2,3.2665
MYR,2008q3,3.4375
MYR,2008q4,3.4675
MYR,2009q1,3.6475
MYR,2009q2,3.5191
MYR,2009q3,3.4615
MYR,2009q4,3.4265
MYR,2010q1,3.2638
MYR,2010q2,3.2365
MYR,2010q3,3.0873
MYR,2010q4,3.0835
MYR,2011q1,3.0255
MYR,2011q2,3.0195
MYR,2011q3,3.189
MYR,2011q4,3.1682
MYR,2012q1,3.0635
MYR,2012q2,3.179
MYR,2012q3,3.0585
MYR,2012q4,3.0585
MYR,2013q1,3.0938
MYR,2013q2,3.1605
MYR,2013q3,3.2595
MYR,2013q4,3.2755
MYR,2014q1,3.2655
MYR,2014q2,3.211
MYR,2014q3,3.2805
MYR,2014q4,3.4965
MYR,2015q1,3.7035
MYR,2015q2,3.773
MYR,2015q3,4.3955
MYR,2015q4,4.2925
MYR,2016q1,3.8995
MYR,2016q2,4.0315
MYR,2016q3,4.1357
MYR,2016q4,4.4862
MYR,2017q1,4.4255
MYR,2017q2,4.2933
MYR,2017q3,4.2205
MYR,2017q4,4.0465
MYR,2018q1,3.8635
MYR,2018q2,4.0385
MYR,2018q3,4.1383
MYR,2018q4,4.1335
MYR,2019q1,4.082
MYR,2019q2,4.132
MYR,2019q3,4.1877
MYR,2019q4,4.091
MYR,2020q1,4.3212
MYR,2020q2,4.2863
MYR,2020q3,4.178
NOK,1998q3,7.387
NOK,1998q4,7.5515
NOK,1999q1,7.7648
NOK,1999q2,7.8318
NOK,1999q3,7.7023
NOK,1999q4,8.0167
NOK,2000q1,8.4679
NOK,2000q2,8.5959
NOK,2000q3,9.0685
NOK,2000q4,8.803100000000001
NOK,2001q1,9.174300000000001
NOK,2001q2,9.3247
NOK,2001q3,8.869899999999999
NOK,2001q4,8.963200000000001
NOK,2002q1,8.842600000000001
NOK,2002q2,7.4978
NOK,2002q3,7.4052
NOK,2002q4,6.937
NOK,2003q1,7.272
NOK,2003q2,7.2034
NOK,2003q3,7.0444
NOK,2003q4,6.6652
NOK,2004q1,6.8445
NOK,2004q2,6.926
NOK,2004q3,6.7074
NOK,2004q4,6.0805
NOK,2005q1,6.3385
NOK,2005q2,6.5328
NOK,2005q3,6.5468
NOK,2005q4,6.7442
NOK,2006q1,6.5525
NOK,2006q2,6.2214
NOK,2006q3,6.5329
NOK,2006q4,6.2356
NOK,2007q1,6.0823
NOK,2007q2,5.8944
NOK,2007q3,5.3869
NOK,2007q4,5.4372
NOK,2008q1,5.095
NOK,2008q2,5.0891
NOK,2008q3,5.8628
NOK,2008q4,6.9538
NOK,2009q1,6.737
NOK,2009q2,6.4311
NOK,2009q3,5.7726
NOK,2009q4,5.7935
NOK,2010q1,5.9421
NOK,2010q2,6.4996
NOK,2010q3,5.8768
NOK,2010q4,5.8218
NOK,2011q1,5.5394
NOK,2011q2,5.3873
NOK,2011q3,5.8657
NOK,2011q4,5.9751
NOK,2012q1,5.6926
NOK,2012q2,5.9587
NOK,2012q3,5.7251
NOK,2012q4,5.5648
NOK,2013q1,5.8472
NOK,2013q2,6.0699
NOK,2013q3,6.014
NOK,2013q4,6.0713
NOK,2014q1,5.9883
NOK,2014q2,6.1331
NOK,2014q3,6.4261
NOK,2014q4,7.452
NOK,2015q1,8.0608
NOK,2015q2,7.8532
NOK,2015q3,8.515499999999999
NOK,2015q4,8.8431
NOK,2016q1,8.2685
NOK,2016q2,8.3634
NOK,2016q3,7.9846
NOK,2016q4,8.640599999999999
NOK,2017q1,8.5985
NOK,2017q2,8.346500000000001
NOK,2017q3,7.9626
NOK,2017q4,8.2042
NOK,2018q1,7.8413
NOK,2018q2,8.147399999999999
NOK,2018q3,8.154199999999999
NOK,2018q4,8.6409
NOK,2019q1,8.6267
NOK,2019q2,8.5326
NOK,2019q3,9.0967
NOK,2019q4,8.785500000000001
NOK,2020q1,10.4028
NOK,2020q2,9.6251
NOK,2020q3,9.0123
NZD,1992q1,1.831501831501831
NZD,1992q2,1.833852924995415
NZD,1992q3,1.867413632119514
NZD,1992q4,1.940617116242965
NZD,1993q1,1.876172607879925
NZD,1993q2,1.862544235425591
NZD,1993q3,1.815870710005448
NZD,1993q4,1.788908765652951
NZD,1994q1,1.77619893428064
NZD,1994q2,1.681520094165125
NZD,1994q3,1.660302174995849
NZD,1994q4,1.565190170605729
NZD,1995q1,1.527417137620284
NZD,1995q2,1.492982979994028
NZD,1995q3,1.520912547528517
NZD,1995q4,1.529519730804527
NZD,1996q1,1.468860164512338
NZD,1996q2,1.461133839859731
NZD,1996q3,1.430819859779654
NZD,1996q4,1.414827391058291
NZD,1997q1,1.43884892086331
NZD,1997q2,1.468213184554397
NZD,1997q3,1.556904873112253
NZD,1997q4,1.719986240110079
NZD,1998q1,1.811266074986415
NZD,1998q2,1.923076923076923
NZD,1998q3,1.996805111821086
NZD,1998q4,1.888930865130336
NZD,1999q1,1.86880956830499
NZD,1999q2,1.867413632119514
NZD,1999q3,1.928268414963363
NZD,1999q4,1.918281220026856
NZD,2000q1,2.014098690835851
NZD,2000q2,2.133560913164071
NZD,2000q3,2.453385672227674
NZD,2000q4,2.25377507324769
NZD,2001q1,2.482005460412013
NZD,2001q2,2.45398773006135
NZD,2001q3,2.460024600246002
NZD,2001q4,2.400960384153662
NZD,2002q1,2.270663033605813
NZD,2002q2,2.052966536645453
NZD,2002q3,2.132650885050118
NZD,2002q4,1.906577693040991
NZD,2003q1,1.801801801801802
NZD,2003q2,1.701837985023826
NZD,2003q3,1.68010752688172
NZD,2003q4,1.525320317266626
NZD,2004q1,1.495662578522285
NZD,2004q2,1.571338780641106
NZD,2004q3,1.475361463558572
NZD,2004q4,1.392369813422445
NZD,2005q1,1.405086412814388
NZD,2005q2,1.433897332950961
NZD,2005q3,1.446340757882557
NZD,2005q4,1.462629808395495
NZD,2006q1,1.624167614097775
NZD,2006q2,1.64446637066272
NZD,2006q3,1.531628120692296
NZD,2006q4,1.420656343230573
NZD,2007q1,1.399776035834266
NZD,2007q2,1.294163323411414
NZD,2007q3,1.319435281699433
NZD,2007q4,1.305653479566523
NZD,2008q1,1.272426517368622
NZD,2008q2,1.311991603253739
NZD,2008q3,1.492982979994028
NZD,2008q4,1.726221301570861
NZD,2009q1,1.787310098302055
NZD,2009q2,1.548706829797119
NZD,2009q3,1.382743362831858
NZD,2009q4,1.383508577753182
NZD,2010q1,1.407261469180974
NZD,2010q2,1.460493646852636
NZD,2010q3,1.361841209314994
NZD,2010q4,1.281722635221738
NZD,2011q1,1.313197636244255
NZD,2011q2,1.20598166907863
NZD,2011q3,1.313370107696349
NZD,2011q4,1.286670097786927
NZD,2012q1,1.221448638084769
NZD,2012q2,1.247972045426182
NZD,2012q3,1.204674135646308
NZD,2012q4,1.206563706563706
NZD,2013q1,1.194600406164138
NZD,2013q2,1.292323597828896
NZD,2013q3,1.204819277108434
NZD,2013q4,1.217433649866082
NZD,2014q1,1.154334526145677
NZD,2014q2,1.141813199360585
NZD,2014q3,1.280737704918033
NZD,2014q4,1.282544568423753
NZD,2015q1,1.338688085676037
NZD,2015q2,1.47819660014782
NZD,2015q3,1.562744178777934
NZD,2015q4,1.463914507392768
NZD,2016q1,1.447387465624548
NZD,2016q2,1.401738155312588
NZD,2016q3,1.372495196266813
NZD,2016q4,1.442169022209403
NZD,2017q1,1.427347987439338
NZD,2017q2,1.363698349924997
NZD,2017q3,1.38715494520738
NZD,2017q4,1.408847562693716
NZD,2018q1,1.381788033715628
NZD,2018q2,1.477541371158392
NZD,2018q3,1.510802235987309
NZD,2018q4,1.488316713796696
NZD,2019q1,1.469723691945914
NZD,2019q2,1.488538255433165
NZD,2019q3,1.596678907871627
NZD,2019q4,1.483679525222552
NZD,2020q1,1.67897918065816
NZD,2020q2,1.549426712116517
NZD,2020q3,1.528818223513224
PEN,2006q4,3.1956
PEN,2007q1,3.1825
PEN,2007q2,3.166
PEN,2007q3,3.0845
PEN,2007q4,2.998
PEN,2008q1,2.7505
PEN,2008q2,2.961
PEN,2008q3,2.9825
PEN,2008q4,3.1345
PEN,2009q1,3.1527
PEN,2009q2,3.0065
PEN,2009q3,2.882
PEN,2009q4,2.888
PEN,2010q1,2.842
PEN,2010q2,2.8255
PEN,2010q3,2.7861
PEN,2010q4,2.8063
PEN,2011q1,2.8045
PEN,2011q2,2.75
PEN,2011q3,2.7725
PEN,2011q4,2.6964
PEN,2012q1,2.6683
PEN,2012q2,2.6655
PEN,2012q3,2.5975
PEN,2012q4,2.5515
PEN,2013q1,2.59
PEN,2013q2,2.7824
PEN,2013q3,2.785
PEN,2013q4,2.7967
PEN,2014q1,2.8085
PEN,2014q2,2.7985
PEN,2014q3,2.8904
PEN,2014q4,2.9795
PEN,2015q1,3.0965
PEN,2015q2,3.1795
PEN,2015q3,3.2334
PEN,2015q4,3.414
PEN,2016q1,3.3129
PEN,2016q2,3.2881
PEN,2016q3,3.3834
PEN,2016q4,3.356
PEN,2017q1,3.251
PEN,2017q2,3.2532
PEN,2017q3,3.2655
PEN,2017q4,3.2378
PEN,2018q1,3.2275
PEN,2018q2,3.2855
PEN,2018q3,3.3042
PEN,2018q4,3.369
PEN,2019q1,3.3187
PEN,2019q2,3.294
PEN,2019q3,3.37
PEN,2019q4,3.313
PEN,2020q1,3.432
PEN,2020q2,3.5415
PEN,2020q3,3.5842
PLN,2002q1,4.113
PLN,2002q2,4.049
PLN,2002q3,4.1513
PLN,2002q4,3.829
PLN,2003q1,4.0975
PLN,2003q2,3.9035
PLN,2003q3,3.9479
PLN,2003q4,3.733
PLN,2004q1,3.8615
PLN,2004q2,3.689
PLN,2004q3,3.5123
PLN,2004q4,3.0111
PLN,2005q1,3.1604
PLN,2005q2,3.3395
PLN,2005q3,3.2636
PLN,2005q4,3.245
PLN,2006q1,3.2366
PLN,2006q2,3.1792
PLN,2006q3,3.132
PLN,2006q4,2.9037
PLN,2007q1,2.8996
PLN,2007q2,2.7847
PLN,2007q3,2.6504
PLN,2007q4,2.4594
PLN,2008q1,2.2187
PLN,2008q2,2.127
PLN,2008q3,2.4098
PLN,2008q4,2.9696
PLN,2009q1,3.4992
PLN,2009q2,3.1704
PLN,2009q3,2.8734
PLN,2009q4,2.8629
PLN,2010q1,2.8576
PLN,2010q2,3.3886
PLN,2010q3,2.9081
PLN,2010q4,2.9623
PLN,2011q1,2.8429
PLN,2011q2,2.7426
PLN,2011q3,3.3017
PLN,2011q4,3.4454
PLN,2012q1,3.1121
PLN,2012q2,3.3481
PLN,2012q3,3.2011
PLN,2012q4,3.0936
PLN,2013q1,3.2598
PLN,2013q2,3.3246
PLN,2013q3,3.1211
PLN,2013q4,3.023
PLN,2014q1,3.0254
PLN,2014q2,3.0374
PLN,2014q3,3.3101
PLN,2014q4,3.5436
PLN,2015q1,3.797
PLN,2015q2,3.7603
PLN,2015q3,3.799
PLN,2015q4,3.9229
PLN,2016q1,3.728
PLN,2016q2,3.942
PLN,2016q3,3.8229
PLN,2016q4,4.1873
PLN,2017q1,3.973
PLN,2017q2,3.7027
PLN,2017q3,3.6506
PLN,2017q4,3.4841
PLN,2018q1,3.4166
PLN,2018q2,3.7425
PLN,2018q3,3.6884
PLN,2018q4,3.7372
PLN,2019q1,3.8371
PLN,2019q2,3.7323
PLN,2019q3,4.0101
PLN,2019q4,3.7942
PLN,2020q1,4.129
PLN,2020q2,3.957
PLN,2020q3,3.7426
RUB,2006q2,26.85899925231934
RUB,2006q3,26.80660057067871
RUB,2006q4,26.33099937438965
RUB,2007q1,26.03709983825684
RUB,2007q2,25.77280044555664
RUB,2007q3,24.89240074157715
RUB,2007q4,24.54170036315918
RUB,2008q1,23.45050048828125
RUB,2008q2,23.4473991394043
RUB,2008q3,25.68519973754883
RUB,2008q4,30.54500007629395
RUB,2009q1,33.92100143432617
RUB,2009q2,31.17550086975098
RUB,2009q3,30.05249977111816
RUB,2009q4,30.31599998474121
RUB,2010q1,29.42550086975098
RUB,2010q2,31.23699951171875
RUB,2010q3,30.57200050354004
RUB,2010q4,30.5319995880127
RUB,2011q1,28.42600059509277
RUB,2011q2,27.92049980163574
RUB,2011q3,32.24499893188477
RUB,2011q4,32.13299942016602
RUB,2012q1,29.45549964904785
RUB,2012q2,32.44680023193359
RUB,2012q3,31.21129989624023
RUB,2012q4,30.5580005645752
RUB,2013q1,31.09440040588379
RUB,2013q2,32.8380012512207
RUB,2013q3,32.39849853515625
RUB,2013q4,32.88510131835938
RUB,2014q1,35.14839935302734
RUB,2014q2,34.06240081787109
RUB,2014q3,39.56650161743164
RUB,2014q4,60.15000152587891
RUB,2015q1,58.27730178833008
RUB,2015q2,55.86489868164063
RUB,2015q3,65.75589752197266
RUB,2015q4,73.18499755859375
RUB,2016q1,67.01000213623047
RUB,2016q2,64.02749633789063
RUB,2016q3,63.17129898071289
RUB,2016q4,61.06589889526367
RUB,2017q1,56.35189819335938
RUB,2017q2,59.28300094604492
RUB,2017q3,57.57099914550781
RUB,2017q4,57.58349990844727
RUB,2018q1,57.51380157470703
RUB,2018q2,62.71440124511719
RUB,2018q3,65.51100158691406
RUB,2018q4,69.45880126953125
RUB,2019q1,65.71410369873047
RUB,2019q2,63.09500122070313
RUB,2019q3,64.91110229492188
RUB,2019q4,62.12689971923828
RUB,2020q1,78.23159790039063
RUB,2020q2,71.28359985351563
RUB,2020q3,74.79429626464844
SEK,1994q1,7.8405
SEK,1994q2,7.6633
SEK,1994q3,7.4784
SEK,1994q4,7.4245
SEK,1995q1,7.3367
SEK,1995q2,7.2608
SEK,1995q3,6.9226
SEK,1995q4,6.6578
SEK,1996q1,6.6748
SEK,1996q2,6.6418
SEK,1996q3,6.6348
SEK,1996q4,6.8122
SEK,1997q1,7.5492
SEK,1997q2,7.7273
SEK,1997q3,7.568
SEK,1997q4,7.9143
SEK,1998q1,8.007999999999999
SEK,1998q2,7.9919
SEK,1998q3,7.8565
SEK,1998q4,8.1023
SEK,1999q1,8.264699999999999
SEK,1999q2,8.4505
SEK,1999q3,8.156000000000001
SEK,1999q4,8.5168
SEK,2000q1,8.6427
SEK,2000q2,8.8269
SEK,2000q3,9.653499999999999
SEK,2000q4,9.415800000000001
SEK,2001q1,10.4126
SEK,2001q2,10.8486
SEK,2001q3,10.6859
SEK,2001q4,10.481
SEK,2002q1,10.3585
SEK,2002q2,9.1595
SEK,2002q3,9.262
SEK,2002q4,8.690300000000001
SEK,2003q1,8.4528
SEK,2003q2,7.9886
SEK,2003q3,7.7535
SEK,2003q4,7.1892
SEK,2004q1,7.5364
SEK,2004q2,7.512
SEK,2004q3,7.2703
SEK,2004q4,6.6559
SEK,2005q1,7.0747
SEK,2005q2,7.8102
SEK,2005q3,7.7448
SEK,2005q4,7.9386
SEK,2006q1,7.7953
SEK,2006q2,7.1966
SEK,2006q3,7.3329
SEK,2006q4,6.8485
SEK,2007q1,6.9834
SEK,2007q2,6.8337
SEK,2007q3,6.4381
SEK,2007q4,6.4704
SEK,2008q1,5.942
SEK,2008q2,6.0131
SEK,2008q3,6.9181
SEK,2008q4,7.8347
SEK,2009q1,8.247400000000001
SEK,2009q2,7.7024
SEK,2009q3,6.9608
SEK,2009q4,7.1609
SEK,2010q1,7.2186
SEK,2010q2,7.7944
SEK,2010q3,6.7403
SEK,2010q4,6.7114
SEK,2011q1,6.3235
SEK,2011q2,6.3284
SEK,2011q3,6.874
SEK,2011q4,6.8872
SEK,2012q1,6.6147
SEK,2012q2,6.9224
SEK,2012q3,6.565
SEK,2012q4,6.5032
SEK,2013q1,6.5281
SEK,2013q2,6.6999
SEK,2013q3,6.4295
SEK,2013q4,6.438
SEK,2014q1,6.4727
SEK,2014q2,6.6834
SEK,2014q3,7.2137
SEK,2014q4,7.807
SEK,2015q1,8.631399999999999
SEK,2015q2,8.2872
SEK,2015q3,8.369899999999999
SEK,2015q4,8.4412
SEK,2016q1,8.117800000000001
SEK,2016q2,8.4597
SEK,2016q3,8.5739
SEK,2016q4,9.1061
SEK,2017q1,8.970700000000001
SEK,2017q2,8.4322
SEK,2017q3,8.148
SEK,2017q4,8.183299999999999
SEK,2018q1,8.341799999999999
SEK,2018q2,8.9428
SEK,2018q3,8.8894
SEK,2018q4,8.853300000000001
SEK,2019q1,9.291700000000001
SEK,2019q2,9.2845
SEK,2019q3,9.840299999999999
SEK,2019q4,9.365
SEK,2020q1,9.905200000000001
SEK,2020q2,9.321099999999999
SEK,2020q3,8.795500000000001
THB,2006q4,36.20000076293945
THB,2007q1,35.04999160766602
THB,2007q2,34.53998947143555
THB,2007q3,34.27999877929688
THB,2007q4,33.70000076293945
THB,2008q1,31.5
THB,2008q2,33.46998977661133
THB,2008q3,33.87998962402344
THB,2008q4,34.84000015258789
THB,2009q1,35.489990234375
THB,2009q2,34.09999084472656
THB,2009q3,33.43999099731445
THB,2009q4,33.34999084472656
THB,2010q1,32.36999893188477
THB,2010q2,32.40998840332031
THB,2010q3,30.3700008392334
THB,2010q4,30.15999031066895
THB,2011q1,30.25999069213867
THB,2011q2,30.75
THB,2011q3,31.09999084472656
THB,2011q4,31.57999038696289
THB,2012q1,30.85998916625977
THB,2012q2,31.76999092102051
THB,2012q3,30.79998970031738
THB,2012q4,30.60998916625977
THB,2013q1,29.29998970031738
THB,2013q2,31.03000068664551
THB,2013q3,31.28998947143555
THB,2013q4,32.86999893188477
THB,2014q1,32.45000076293945
THB,2014q2,32.46998977661133
THB,2014q3,32.43999099731445
THB,2014q4,32.90998840332031
THB,2015q1,32.54999160766602
THB,2015q2,33.78498840332031
THB,2015q3,36.30498886108398
THB,2015q4,36
THB,2016q1,35.18999099731445
THB,2016q2,35.14999008178711
THB,2016q3,34.66999816894531
THB,2016q4,35.81698989868164
THB,2017q1,34.36899185180664
THB,2017q2,33.97999954223633
THB,2017q3,33.35998916625977
THB,2017q4,32.59999084472656
THB,2018q1,31.28000068664551
THB,2018q2,33.13999938964844
THB,2018q3,32.34999084472656
THB,2018q4,32.5625
THB,2019q1,31.73868942260742
THB,2019q2,30.67000007629395
THB,2019q3,30.59000015258789
THB,2019q4,29.95719909667969
THB,2020q1,32.82500076293945
THB,2020q2,30.9109992980957
THB,2020q3,31.55250930786133
ZAR,1996q4,4.6783
ZAR,1997q1,4.42
ZAR,1997q2,4.5355
ZAR,1997q3,4.6545
ZAR,1997q4,4.8665
ZAR,1998q1,5.0345
ZAR,1998q2,5.9653
ZAR,1998q3,5.925
ZAR,1998q4,5.8675
ZAR,1999q1,6.1578
ZAR,1999q2,6.0125
ZAR,1999q3,6.0075
ZAR,1999q4,6.1548
ZAR,2000q1,6.525
ZAR,2000q2,6.795
ZAR,2000q3,7.235
ZAR,2000q4,7.5788
ZAR,2001q1,8.012499999999999
ZAR,2001q2,8.045
ZAR,2001q3,9.0265
ZAR,2001q4,11.961
ZAR,2002q1,11.33
ZAR,2002q2,10.295
ZAR,2002q3,10.54
ZAR,2002q4,8.5702
ZAR,2003q1,7.8651
ZAR,2003q2,7.4704
ZAR,2003q3,6.9309
ZAR,2003q4,6.6843
ZAR,2004q1,6.2925
ZAR,2004q2,6.1362
ZAR,2004q3,6.4535
ZAR,2004q4,5.665
ZAR,2005q1,6.2395
ZAR,2005q2,6.6495
ZAR,2005q3,6.3701
ZAR,2005q4,6.3288
ZAR,2006q1,6.1765
ZAR,2006q2,7.174
ZAR,2006q3,7.7838
ZAR,2006q4,7.006
ZAR,2007q1,7.2638
ZAR,2007q2,7.043
ZAR,2007q3,6.8698
ZAR,2007q4,6.8625
ZAR,2008q1,8.0905
ZAR,2008q2,7.8194
ZAR,2008q3,8.2865
ZAR,2008q4,9.525
ZAR,2009q1,9.502599999999999
ZAR,2009q2,7.714
ZAR,2009q3,7.5098
ZAR,2009q4,7.398
ZAR,2010q1,7.285
ZAR,2010q2,7.671
ZAR,2010q3,6.963
ZAR,2010q4,6.6291
ZAR,2011q1,6.7743
ZAR,2011q2,6.7693
ZAR,2011q3,8.0967
ZAR,2011q4,8.09
ZAR,2012q1,7.673
ZAR,2012q2,8.164199999999999
ZAR,2012q3,8.3146
ZAR,2012q4,8.4735
ZAR,2013q1,9.2362
ZAR,2013q2,9.880599999999999
ZAR,2013q3,10.0278
ZAR,2013q4,10.4926
ZAR,2014q1,10.5319
ZAR,2014q2,10.6375
ZAR,2014q3,11.2853
ZAR,2014q4,11.5706
ZAR,2015q1,12.1321
ZAR,2015q2,12.1688
ZAR,2015q3,13.8549
ZAR,2015q4,15.4685
ZAR,2016q1,14.7673
ZAR,2016q2,14.7266
ZAR,2016q3,13.7225
ZAR,2016q4,13.7401
ZAR,2017q1,13.4136
ZAR,2017q2,13.0744
ZAR,2017q3,13.559
ZAR,2017q4,12.3828
ZAR,2018q1,11.8408
ZAR,2018q2,13.725
ZAR,2018q3,14.1415
ZAR,2018q4,14.3467
ZAR,2019q1,14.5012
ZAR,2019q2,14.0869
ZAR,2019q3,15.1363
ZAR,2019q4,14
ZAR,2020q1,17.8379
ZAR,2020q2,17.3512
ZAR,2020q3,17.1557
